{"cameraMode":{"drawMode":0,"name":"Shaded","section":"Shading Mode"},"sceneLighting":true,"audioPlay":false,"sceneViewState":{"showFog":true,"showMaterialUpdate":true,"showSkybox":true,"showFlares":true,"showImageEffects":true,"showParticleSystems":true},"in2DMode":false,"pivot":{"x":64.393310546875,"y":-2020.293701171875,"z":557.053466796875},"rotation":{"x":0.1866537481546402,"y":0.25800028443336489,"z":0.05087481066584587,"w":-0.9465771913528442},"size":2828.8603515625,"orthographic":false}