{"cameraMode":{"drawMode":0,"name":"Shaded","section":"Shading Mode"},"sceneLighting":true,"audioPlay":false,"sceneViewState":{"showFog":true,"showMaterialUpdate":true,"showSkybox":true,"showFlares":true,"showImageEffects":true,"showParticleSystems":true},"in2DMode":false,"pivot":{"x":-6.235294342041016,"y":-22.895721435546876,"z":-46.90068435668945},"rotation":{"x":0.4424942135810852,"y":-0.008070779964327813,"z":0.003982557915151119,"w":0.8967257142066956},"size":50.06655502319336,"orthographic":false}