{"cameraMode":{"drawMode":0,"name":"Shaded","section":"Shading Mode"},"sceneLighting":true,"audioPlay":false,"sceneViewState":{"showFog":true,"showMaterialUpdate":true,"showSkybox":true,"showFlares":true,"showImageEffects":true,"showParticleSystems":true},"in2DMode":false,"pivot":{"x":97.27531433105469,"y":-120.4049072265625,"z":175.09609985351563},"rotation":{"x":0.12060819566249848,"y":0.581824779510498,"z":-0.08776005357503891,"w":0.7995184063911438},"size":187.2788848876953,"orthographic":false}