{"cameraMode":{"drawMode":0,"name":"Shaded","section":"Shading Mode"},"sceneLighting":false,"audioPlay":false,"sceneViewState":{"showFog":true,"showMaterialUpdate":true,"showSkybox":false,"showFlares":true,"showImageEffects":true,"showParticleSystems":true},"in2DMode":false,"pivot":{"x":6.563270092010498,"y":0.850529670715332,"z":-1.9514367580413819},"rotation":{"x":0.1104147657752037,"y":-0.165583074092865,"z":0.01866655983030796,"w":0.9798156023025513},"size":2.2906203269958498,"orthographic":false}