{"cameraMode":{"drawMode":0,"name":"Shaded","section":"Shading Mode"},"sceneLighting":true,"audioPlay":false,"sceneViewState":{"showFog":true,"showMaterialUpdate":true,"showSkybox":true,"showFlares":true,"showImageEffects":true,"showParticleSystems":true},"in2DMode":false,"pivot":{"x":-180.9664764404297,"y":-258.6529846191406,"z":488.82666015625},"rotation":{"x":0.4412197172641754,"y":-0.34656479954719546,"z":0.18977950513362885,"w":0.8057301640510559},"size":22.84620475769043,"orthographic":false}