{"cameraMode":{"drawMode":0,"name":"Shaded","section":"Shading Mode"},"sceneLighting":true,"audioPlay":false,"sceneViewState":{"showFog":true,"showMaterialUpdate":true,"showSkybox":true,"showFlares":true,"showImageEffects":true,"showParticleSystems":true},"in2DMode":false,"pivot":{"x":0.7385218143463135,"y":0.20003893971443177,"z":-4.9981689453125},"rotation":{"x":-0.007224273402243853,"y":0.26845452189445498,"z":0.0020130835473537447,"w":0.9632625579833984},"size":2.8163228034973146,"orthographic":false}