{"cameraMode":{"drawMode":0,"name":"Shaded","section":"Shading Mode"},"sceneLighting":true,"audioPlay":false,"sceneViewState":{"showFog":true,"showMaterialUpdate":true,"showSkybox":true,"showFlares":true,"showImageEffects":true,"showParticleSystems":true},"in2DMode":false,"pivot":{"x":1412.261474609375,"y":56.167877197265628,"z":1818.2347412109375},"rotation":{"x":0.0717552900314331,"y":0.5164164304733276,"z":-0.043481893837451938,"w":0.8522169589996338},"size":5.6837263107299809,"orthographic":false}