{"cameraMode":{"drawMode":0,"name":"Shaded","section":"Shading Mode"},"sceneLighting":false,"audioPlay":false,"sceneViewState":{"showFog":true,"showMaterialUpdate":true,"showSkybox":true,"showFlares":true,"showImageEffects":true,"showParticleSystems":true},"in2DMode":false,"pivot":{"x":-19.442424774169923,"y":-114.41849517822266,"z":8.496482849121094},"rotation":{"x":0.5826470255851746,"y":-0.07289353758096695,"z":0.05258028581738472,"w":0.8077402114868164},"size":125.08589172363281,"orthographic":false}